{
    "json_path": "/home/sm7540/workspace/franchise/test_data.json",
    "precision": 0.9887039164702097,
    "recall": 0.9901062230269114,
    "f1": 0.9893927375475565
}